{"cameraMode":{"drawMode":0,"name":"Shaded","section":"Shading Mode"},"sceneLighting":true,"audioPlay":false,"sceneViewState":{"showFog":true,"showMaterialUpdate":false,"showSkybox":true,"showFlares":true,"showImageEffects":true,"showParticleSystems":true},"in2DMode":false,"pivot":{"x":1.3250831365585328,"y":-0.7643394470214844,"z":-0.4862384796142578},"rotation":{"x":0.1086556687951088,"y":-0.022364849224686624,"z":0.002445159014314413,"w":0.9938251972198486},"size":11.069452285766602,"orthographic":false}